event_id,method_id,t1,A1,t2,A2,t3,A3,threshold,true_t0,expected_t0,t0_est,amax_est,error_vs_expected_ns,error_vs_true_ns,start_cycle,valid_cycle,latency_cycles,t0_raw,amax_raw,pass
0,0,12.639493171,0.242323662,17.121956780,1.106515120,18.823770949,1.397266727,0.300000000,20.266829354,11.382587675,11.382598877,1.397262573,0.000011202,-8.884230477,15,18,3,0x000b61f2,0x000165b3,1
0,1,12.639493171,0.242323662,17.121956780,1.106515120,18.823770949,1.397266727,0.300000000,20.266829354,14.196919093,14.109527588,1.397262573,-0.087391505,-6.157301766,19,22,3,0x000e1c0a,0x000165b3,1
0,2,12.639493171,0.242323662,17.121956780,1.106515120,18.823770949,1.397266727,0.300000000,20.266829354,20.074325485,20.177444458,1.397262573,0.103118973,-0.089384896,23,26,3,0x00142d6d,0x000165b3,1
1,0,14.808737252,0.318532159,17.186481407,0.680438436,19.243297236,0.977679938,0.300000000,21.035519786,12.715963438,12.716003418,0.977676392,0.000039980,-8.319516368,27,30,3,0x000cb74c,0x0000fa49,1
1,1,14.808737252,0.318532159,17.186481407,0.680438436,19.243297236,0.977679938,0.300000000,21.035519786,14.468582129,14.447692871,0.977676392,-0.020889258,-6.587826915,31,34,3,0x000e729c,0x0000fa49,1
1,2,14.808737252,0.318532159,17.186481407,0.680438436,19.243297236,0.977679938,0.300000000,21.035519786,20.947218374,20.877655029,0.977676392,-0.069563344,-0.157864756,35,38,3,0x0014e0ae,0x0000fa49,1
2,0,14.949275185,1.051853915,18.598671608,3.691896094,20.420526430,5.054359178,0.300000000,22.392032557,13.495271175,13.495285034,5.054351807,0.000013859,-8.896747523,39,42,3,0x000d7ecb,0x00050dea,1
2,1,14.949275185,1.051853915,18.598671608,3.691896094,20.420526430,5.054359178,0.300000000,22.392032557,7.672972026,7.452819824,5.054351807,-0.220152202,-14.939212733,43,46,3,0x000773ec,0x00050dea,1
2,2,14.949275185,1.051853915,18.598671608,3.691896094,20.420526430,5.054359178,0.300000000,22.392032557,22.257534494,22.126235962,5.054351807,-0.131298532,-0.265796595,47,50,3,0x00162051,0x00050dea,1
3,0,10.784229769,0.313030349,15.463092907,1.619961915,17.326625470,2.144644082,0.300000000,18.824545667,9.663569592,9.663558960,2.144638062,-0.000010632,-9.160986707,51,54,3,0x0009a9df,0x00022507,1
3,1,10.784229769,0.313030349,15.463092907,1.619961915,17.326625470,2.144644082,0.300000000,18.824545667,10.501830395,10.445541382,2.144638062,-0.056289014,-8.379004285,55,58,3,0x000a720f,0x00022507,1
3,2,10.784229769,0.313030349,15.463092907,1.619961915,17.326625470,2.144644082,0.300000000,18.824545667,18.847848695,18.863861084,2.144638062,0.016012389,0.039315417,59,62,3,0x0012dd26,0x00022507,1
4,0,15.685208335,0.311910423,18.422293834,0.723302314,20.217731292,0.933833929,0.300000000,21.834211260,13.609996075,13.610046387,0.933837891,0.000050312,-8.224164873,63,66,3,0x000d9c2c,0x0000ef10,1
4,1,15.685208335,0.311910423,18.422293834,0.723302314,20.217731292,0.933833929,0.300000000,21.834211260,15.411585540,15.415542603,0.933837891,0.003957063,-6.418668657,67,70,3,0x000f6a61,0x0000ef10,1
4,2,15.685208335,0.311910423,18.422293834,0.723302314,20.217731292,0.933833929,0.300000000,21.834211260,21.274193898,21.268646240,0.933837891,-0.005547658,-0.565565020,71,74,3,0x001544c6,0x0000ef10,1
5,0,12.350882894,0.743984164,16.610175957,3.221868917,18.609060526,4.551926616,0.300000000,20.098368978,11.072031412,11.072036743,4.551925659,0.000005331,-9.026332235,75,78,3,0x000b1271,0x00048d4b,1
5,1,12.350882894,0.743984164,16.610175957,3.221868917,18.609060526,4.551926616,0.300000000,20.098368978,7.097643921,6.926559448,4.551925659,-0.171084473,-13.171809530,79,82,3,0x0006ed33,0x00048d4b,1
5,2,12.350882894,0.743984164,16.610175957,3.221868917,18.609060526,4.551926616,0.300000000,20.098368978,20.769122465,20.616638184,4.551925659,-0.152484282,0.518269206,83,86,3,0x00149ddc,0x00048d4b,1
6,0,14.655679907,0.239116056,19.869985470,1.586343647,21.804369640,2.099342500,0.300000000,23.106117026,13.730205853,13.730209351,2.099349976,0.000003498,-9.375907675,87,90,3,0x000dbaef,0x0002196f,1
6,1,14.655679907,0.239116056,19.869985470,1.586343647,21.804369640,2.099342500,0.300000000,23.106117026,16.221685966,16.163589478,2.099349976,-0.058096489,-6.942527549,91,94,3,0x001029e1,0x0002196f,1
6,2,14.655679907,0.239116056,19.869985470,1.586343647,21.804369640,2.099342500,0.300000000,23.106117026,23.211630612,23.287124634,2.099349976,0.075494022,0.181007608,95,98,3,0x00174981,0x0002196f,1
7,0,15.244946145,0.845912416,17.926555372,2.326013655,21.501013980,4.435930147,0.300000000,22.677510996,13.712343861,13.712356567,4.435928345,0.000012707,-8.965154428,99,102,3,0x000db65d,0x00046f99,1
7,1,15.244946145,0.845912416,17.926555372,2.326013655,21.501013980,4.435930147,0.300000000,22.677510996,9.505308941,9.403289795,4.435928345,-0.102019146,-13.274221201,103,106,3,0x0009673e,0x00046f99,1
7,2,15.244946145,0.845912416,17.926555372,2.326013655,21.501013980,4.435930147,0.300000000,22.677510996,22.587581602,22.529846191,4.435928345,-0.057735410,-0.147664804,107,110,3,0x001687a4,0x00046f99,1
8,0,13.959346979,0.399813617,17.169904240,1.468156971,20.690348425,2.915073254,0.300000000,22.059266430,12.757837645,12.757858276,2.915069580,0.000020631,-9.301408154,111,114,3,0x000cc203,0x0002ea42,1
8,1,13.959346979,0.399813617,17.169904240,1.468156971,20.690348425,2.915073254,0.300000000,22.059266430,12.485156949,12.473403931,2.915069580,-0.011753018,-9.585862499,115,118,3,0x000c7931,0x0002ea42,1
8,2,13.959346979,0.399813617,17.169904240,1.468156971,20.690348425,2.915073254,0.300000000,22.059266430,22.047715816,22.143661499,2.915069580,0.095945683,0.084395069,119,122,3,0x001624c7,0x0002ea42,1
9,0,18.240182746,1.203296409,21.180088691,3.313104812,23.349288317,4.681024905,0.300000000,24.951671576,16.563453114,16.563491821,4.681030273,0.000038707,-8.388179755,123,126,3,0x00109041,0x0004ae58,1
9,1,18.240182746,1.203296409,21.180088691,3.313104812,23.349288317,4.681024905,0.300000000,24.951671576,9.522512659,9.201156616,4.681030273,-0.321356043,-15.750514960,127,130,3,0x0009337f,0x0004ae58,1
9,2,18.240182746,1.203296409,21.180088691,3.313104812,23.349288317,4.681024905,0.300000000,24.951671576,24.462816468,24.357101440,4.681030273,-0.105715028,-0.594570136,131,134,3,0x00185b6b,0x0004ae58,1
10,0,13.028952604,0.405530921,14.639872675,0.708008544,18.221130386,1.290755957,0.300000000,19.176338652,10.869196480,10.869155884,1.290756226,-0.000040596,-8.307182769,135,138,3,0x000ade81,0x00014a6f,1
10,1,13.028952604,0.405530921,14.639872675,0.708008544,18.221130386,1.290755957,0.300000000,19.176338652,11.231459373,11.226547241,1.290756226,-0.004912132,-7.949791411,139,142,3,0x000b39ff,0x00014a6f,1
10,2,13.028952604,0.405530921,14.639872675,0.708008544,18.221130386,1.290755957,0.300000000,19.176338652,18.872874006,18.860519409,1.290756226,-0.012354597,-0.315819243,143,146,3,0x0012dc4b,0x00014a6f,1
11,0,12.935852241,0.437245306,16.505752131,1.837122992,19.307530443,3.316883478,0.300000000,21.144311807,11.820810560,11.820846558,3.316879272,0.000035998,-9.323465249,147,150,3,0x000bd223,0x0003511f,1
11,1,12.935852241,0.437245306,16.505752131,1.837122992,19.307530443,3.316883478,0.300000000,21.144311807,11.149429078,11.161392212,3.316879272,0.011963134,-9.982919595,151,154,3,0x000b2951,0x0003511f,1
11,2,12.935852241,0.437245306,16.505752131,1.837122992,19.307530443,3.316883478,0.300000000,21.144311807,21.419825657,21.454864502,3.316879272,0.035038845,0.310552695,155,158,3,0x00157472,0x0003511f,1
12,0,12.117070147,0.596586503,17.209556346,3.886596506,19.499936883,5.078208231,0.300000000,20.511398157,11.193635712,11.193649292,5.078201294,0.000013580,-9.317748865,159,162,3,0x000b3193,0x00051405,1
12,1,12.117070147,0.596586503,17.209556346,3.886596506,19.499936883,5.078208231,0.300000000,20.511398157,6.229418180,6.224945068,5.078201294,-0.004473111,-14.286453089,163,166,3,0x00063996,0x00051405,1
12,2,12.117070147,0.596586503,17.209556346,3.886596506,19.499936883,5.078208231,0.300000000,20.511398157,20.070242708,20.090484619,5.078201294,0.020241911,-0.420913538,167,170,3,0x0014172a,0x00051405,1
13,0,12.791860082,0.153250634,16.100719189,0.479972661,18.359616867,0.667977119,0.300000000,19.839226335,11.239822841,11.239883423,0.667984009,0.000060582,-8.599342912,171,174,3,0x000b3d69,0x0000ab01,1
13,1,12.791860082,0.153250634,16.100719189,0.479972661,18.359616867,0.667977119,0.300000000,19.839226335,17.382496636,17.311401367,0.667984009,-0.071095269,-2.527824968,175,178,3,0x00114fb8,0x0000ab01,1
13,2,12.791860082,0.153250634,16.100719189,0.479972661,18.359616867,0.667977119,0.300000000,19.839226335,19.280110036,19.325531006,0.667984009,0.045420970,-0.513695329,179,182,3,0x00135356,0x0000ab01,1
14,0,13.917939825,0.630613346,18.500454245,2.820372961,19.729000419,3.579043699,0.300000000,21.608440031,12.598253989,12.598266602,3.579040527,0.000012613,-9.010173430,183,186,3,0x000c9928,0x0003943c,1
14,1,13.917939825,0.630613346,18.500454245,2.820372961,19.729000419,3.579043699,0.300000000,21.608440031,10.086713090,10.031646729,3.579040527,-0.055066361,-11.576793303,187,190,3,0x000a081a,0x0003943c,1
14,2,13.917939825,0.630613346,18.500454245,2.820372961,19.729000419,3.579043699,0.300000000,21.608440031,23.351826093,23.189926147,3.579040527,-0.161899946,1.581486116,191,194,3,0x0017309f,0x0003943c,1
15,0,13.207127912,0.202840218,17.668356183,0.923216084,19.912034687,1.232858284,0.300000000,20.792851826,11.950955188,11.951004028,1.232864380,0.000048841,-8.841847798,195,198,3,0x000bf375,0x00013b9d,1
15,1,13.207127912,0.202840218,17.668356183,0.923216084,19.912034687,1.232858284,0.300000000,20.792851826,16.243130964,16.324462891,1.232864380,0.081331927,-4.468388936,199,202,3,0x00105310,0x00013b9d,1
15,2,13.207127912,0.202840218,17.668356183,0.923216084,19.912034687,1.232858284,0.300000000,20.792851826,20.840424225,20.739791870,1.232864380,-0.100632355,-0.053059956,203,206,3,0x0014bd63,0x00013b9d,1
16,0,14.379792361,0.316706433,17.077845701,0.698384967,19.458618324,0.971528197,0.300000000,20.380375566,12.141021318,12.140930176,0.971527100,-0.000091143,-8.239445390,207,210,3,0x000c2414,0x0000f8b6,1
16,1,14.379792361,0.316706433,17.077845701,0.698384967,19.458618324,0.971528197,0.300000000,20.380375566,13.988938717,13.923141479,0.971527100,-0.065797238,-6.457234086,211,214,3,0x000dec53,0x0000f8b6,1
16,2,14.379792361,0.316706433,17.077845701,0.698384967,19.458618324,0.971528197,0.300000000,20.380375566,20.547964560,20.571960449,0.971527100,0.023995889,0.191584884,215,218,3,0x0014926c,0x0000f8b6,1
17,0,12.171379532,0.457225875,15.311526518,1.367740790,18.092442720,1.879030610,0.300000000,19.039853397,10.594517442,10.594512939,1.879028320,-0.000004502,-8.445340458,219,222,3,0x000a9832,0x0001e108,1
17,1,12.171379532,0.457225875,15.311526518,1.367740790,18.092442720,1.879030610,0.300000000,19.039853397,8.481580346,8.441986084,1.879028320,-0.039594262,-10.597867313,223,226,3,0x00087126,0x0001e108,1
17,2,12.171379532,0.457225875,15.311526518,1.367740790,18.092442720,1.879030610,0.300000000,19.039853397,18.142342360,18.168090820,1.879028320,0.025748460,-0.871762577,227,230,3,0x00122b08,0x0001e108,1
18,0,15.047214560,0.972981352,18.057550981,2.456927747,20.050763208,3.125181841,0.300000000,21.261926214,13.073422778,13.073440552,3.125183105,0.000017773,-8.188485662,231,234,3,0x000d12cd,0x0003200c,1
18,1,15.047214560,0.972981352,18.057550981,2.456927747,20.050763208,3.125181841,0.300000000,21.261926214,5.299226932,5.526428223,3.125183105,0.227201291,-15.735497991,235,238,3,0x000586c4,0x0003200c,1
18,2,15.047214560,0.972981352,18.057550981,2.456927747,20.050763208,3.125181841,0.300000000,21.261926214,20.668877697,20.746353149,3.125183105,0.077475453,-0.515573065,239,242,3,0x0014bf11,0x0003200c,1
19,0,18.290392663,0.989775211,20.570554158,1.963580792,23.824448020,3.391439391,0.300000000,24.656899010,15.972838347,15.972824097,3.391433716,-0.000014250,-8.684074913,243,246,3,0x000ff90b,0x00036435,1
19,1,18.290392663,0.989775211,20.570554158,1.963580792,23.824448020,3.391439391,0.300000000,24.656899010,11.182859447,11.182937622,3.391433716,0.000078175,-13.473961388,247,250,3,0x000b2ed5,0x00036435,1
19,2,18.290392663,0.989775211,20.570554158,1.963580792,23.824448020,3.391439391,0.300000000,24.656899010,25.705058085,25.722351074,3.391433716,0.017292989,1.065452064,251,254,3,0x0019b8ec,0x00036435,1
